{"cameraMode":{"drawMode":0,"name":"Shaded","section":"Shading Mode"},"sceneLighting":true,"audioPlay":false,"sceneViewState":{"showFog":true,"showMaterialUpdate":true,"showSkybox":true,"showFlares":true,"showImageEffects":true,"showParticleSystems":true},"in2DMode":false,"pivot":{"x":0.449981689453125,"y":2.260009765625,"z":-5.010005950927734},"rotation":{"x":0.04666495695710182,"y":0.020076090469956399,"z":0.0009305773419328034,"w":-0.9987276792526245},"size":3.0725133419036867,"orthographic":false}