{"cameraMode":{"drawMode":0,"name":"Shaded","section":"Shading Mode"},"sceneLighting":false,"audioPlay":false,"sceneViewState":{"showFog":true,"showMaterialUpdate":true,"showSkybox":false,"showFlares":true,"showImageEffects":true,"showParticleSystems":true},"in2DMode":false,"pivot":{"x":-5.584394454956055,"y":2.288750648498535,"z":-3.379206895828247},"rotation":{"x":-0.07607469707727432,"y":0.06486258655786514,"z":-0.004960721358656883,"w":-0.9949861168861389},"size":1.58333420753479,"orthographic":false}