{"cameraMode":{"drawMode":0,"name":"Shaded","section":"Shading Mode"},"sceneLighting":false,"audioPlay":false,"sceneViewState":{"showFog":true,"showMaterialUpdate":true,"showSkybox":false,"showFlares":true,"showImageEffects":true,"showParticleSystems":true},"in2DMode":false,"pivot":{"x":4.625161647796631,"y":-3.207061290740967,"z":-12.967957496643067},"rotation":{"x":-0.07607469707727432,"y":0.06486258655786514,"z":-0.004960721358656883,"w":-0.9949861168861389},"size":0.9832566380500794,"orthographic":false}